"message length","encode p = 3","fast encode p = 3","encode p = 5","fast encode p = 5","encode p = 7","fast encode p = 7","encode p = 11","fast encode p = 11","encode p = 13","fast encode p = 13","encode p = 17","fast encode p = 17","encode p = 19","fast encode p = 19","encode p = 29","fast encode p = 29","encode p = 37","fast encode p = 37","encode p = 41","fast encode p = 41","encode p = 73","fast encode p = 73","encode p = 97","fast encode p = 97","encode p = 113","fast encode p = 113","encode p = 193","fast encode p = 193","encode p = 257","fast encode p = 257","encode p = 449","fast encode p = 449","encode p = 577","fast encode p = 577","encode p = 641","fast encode p = 641","encode p = 769","fast encode p = 769","encode p = 1153","fast encode p = 1153"
1,0,0,0,0,0,0,0,0,0,0,0,0,0,0,0,0,0,0,0,0,0,0,0,0,0,0,0,0,0,0,0,0,0,0,0,0,0,0,0,0
2,,,0,0,,,,,0,0,0,0,,,0,0,0,0,0,0,0,0,0,0,0,0,0,0,0,0,0,0,0,0,0,0,0,0,0,0
3,,,0,0,,,,,0,0,0,0,,,0,0,0,0,0,0,0,0,0,0,0,0,0,0,0,0,0,0,0,0,0,0,0,0,0,0
4,,,,,,,,,,,0,0,,,,,,,0,0,0,0,0,0,0,0,0,0,0,0,0,0,0,0,0,0,0,0,0,15
5,,,,,,,,,,,0,0,,,,,,,0,0,0,0,0,0,0,0,0,0,0,15,0,0,0,0,0,0,0,0,0,0
6,,,,,,,,,,,0,0,,,,,,,0,0,0,0,0,0,0,0,0,0,0,0,0,0,0,0,0,0,0,0,0,0
7,,,,,,,,,,,0,0,,,,,,,0,0,0,0,0,0,0,0,0,16,0,0,0,0,0,0,0,0,0,16,0,0
8,,,,,,,,,,,0,0,,,,,,,,,,,0,0,0,0,0,0,0,0,0,0,16,0,0,0,0,0,0,0
9,,,,,,,,,,,0,0,,,,,,,,,,,0,0,0,0,0,0,0,16,0,0,0,0,15,0,0,0,0,0
10,,,,,,,,,,,0,0,,,,,,,,,,,0,0,0,0,0,0,0,0,0,0,0,0,0,0,0,0,0,0
11,,,,,,,,,,,0,0,,,,,,,,,,,0,0,0,0,0,0,0,0,0,0,0,0,0,0,0,15,16,0
12,,,,,,,,,,,0,0,,,,,,,,,,,0,0,0,0,0,0,0,0,0,0,0,0,0,0,0,0,0,0
13,,,,,,,,,,,0,0,,,,,,,,,,,0,16,0,0,0,0,0,0,0,0,0,0,0,0,0,0,0,0
14,,,,,,,,,,,0,0,,,,,,,,,,,0,0,0,0,0,0,15,0,0,0,0,0,0,0,0,0,0,0
15,,,,,,,,,,,0,16,,,,,,,,,,,0,0,0,0,0,0,0,0,0,0,0,0,0,0,0,0,0,0
16,,,,,,,,,,,,,,,,,,,,,,,0,0,,,0,0,0,0,0,0,15,0,0,0,0,0,0,16
17,,,,,,,,,,,,,,,,,,,,,,,0,0,,,0,0,0,0,0,0,0,0,0,0,0,0,0,0
18,,,,,,,,,,,,,,,,,,,,,,,0,0,,,0,0,0,0,0,0,0,0,0,0,0,0,0,0
19,,,,,,,,,,,,,,,,,,,,,,,0,0,,,0,0,0,0,0,0,0,0,16,0,16,0,0,0
20,,,,,,,,,,,,,,,,,,,,,,,0,0,,,0,0,0,0,0,0,0,0,0,0,16,0,0,0
21,,,,,,,,,,,,,,,,,,,,,,,0,0,,,0,0,0,0,0,0,0,0,0,0,15,0,16,0
22,,,,,,,,,,,,,,,,,,,,,,,0,0,,,0,0,0,0,0,0,0,0,0,0,15,0,0,0
23,,,,,,,,,,,,,,,,,,,,,,,0,0,,,16,0,0,0,0,0,0,0,0,0,0,0,0,0
24,,,,,,,,,,,,,,,,,,,,,,,0,0,,,0,0,0,0,0,0,0,0,0,0,0,0,0,0
25,,,,,,,,,,,,,,,,,,,,,,,0,0,,,0,0,0,0,0,0,0,0,0,0,0,0,0,0
26,,,,,,,,,,,,,,,,,,,,,,,0,0,,,0,0,0,0,0,0,0,0,0,15,0,0,0,0
27,,,,,,,,,,,,,,,,,,,,,,,0,0,,,0,0,0,16,0,0,0,0,0,0,0,15,0,0
28,,,,,,,,,,,,,,,,,,,,,,,0,0,,,0,0,15,0,0,0,0,0,0,0,15,0,0,0
29,,,,,,,,,,,,,,,,,,,,,,,0,0,,,0,0,16,0,0,0,16,0,0,0,0,0,0,0
30,,,,,,,,,,,,,,,,,,,,,,,0,0,,,0,0,0,0,0,0,0,16,0,0,0,16,0,0
31,,,,,,,,,,,,,,,,,,,,,,,0,0,,,0,0,0,0,0,0,0,0,0,0,16,0,0,0
32,,,,,,,,,,,,,,,,,,,,,,,,,,,0,0,0,16,0,0,0,0,0,0,0,0,16,0
33,,,,,,,,,,,,,,,,,,,,,,,,,,,0,0,15,0,0,0,0,0,0,0,16,0,15,0
34,,,,,,,,,,,,,,,,,,,,,,,,,,,0,0,0,0,0,0,0,0,0,0,0,0,15,0
35,,,,,,,,,,,,,,,,,,,,,,,,,,,0,0,0,0,0,0,0,0,0,0,0,0,15,0
36,,,,,,,,,,,,,,,,,,,,,,,,,,,0,0,16,0,0,0,0,0,0,0,0,15,16,0
37,,,,,,,,,,,,,,,,,,,,,,,,,,,0,0,0,0,0,0,0,0,0,0,16,0,16,0
38,,,,,,,,,,,,,,,,,,,,,,,,,,,0,0,0,0,0,0,0,0,0,0,0,0,16,0
39,,,,,,,,,,,,,,,,,,,,,,,,,,,0,0,16,0,0,0,0,0,0,0,16,0,16,0
40,,,,,,,,,,,,,,,,,,,,,,,,,,,0,0,0,0,0,0,0,0,0,0,16,0,16,0
41,,,,,,,,,,,,,,,,,,,,,,,,,,,0,0,16,0,0,0,0,0,0,0,0,15,15,0
42,,,,,,,,,,,,,,,,,,,,,,,,,,,0,0,0,0,0,0,0,0,0,0,0,0,0,0
43,,,,,,,,,,,,,,,,,,,,,,,,,,,0,0,15,0,0,0,0,0,0,0,0,0,0,0
44,,,,,,,,,,,,,,,,,,,,,,,,,,,0,0,0,0,0,0,0,0,0,0,0,0,0,0
45,,,,,,,,,,,,,,,,,,,,,,,,,,,0,0,15,0,0,0,0,16,0,16,0,0,0,0
46,,,,,,,,,,,,,,,,,,,,,,,,,,,0,0,0,0,0,0,0,16,16,0,0,0,0,0
47,,,,,,,,,,,,,,,,,,,,,,,,,,,0,0,15,0,0,0,15,0,16,0,0,0,0,15
48,,,,,,,,,,,,,,,,,,,,,,,,,,,0,0,0,0,0,16,16,0,0,0,0,0,15,0
49,,,,,,,,,,,,,,,,,,,,,,,,,,,0,0,16,0,15,0,0,0,0,0,0,0,16,0
50,,,,,,,,,,,,,,,,,,,,,,,,,,,0,0,0,15,16,0,0,0,0,0,16,0,0,0
51,,,,,,,,,,,,,,,,,,,,,,,,,,,0,16,16,0,0,0,0,0,0,0,16,0,0,0
52,,,,,,,,,,,,,,,,,,,,,,,,,,,16,0,16,0,0,0,0,0,0,0,0,0,0,0
53,,,,,,,,,,,,,,,,,,,,,,,,,,,0,0,0,0,0,0,0,0,0,15,0,15,0,15
54,,,,,,,,,,,,,,,,,,,,,,,,,,,0,0,16,0,0,0,0,0,15,0,0,0,16,0
55,,,,,,,,,,,,,,,,,,,,,,,,,,,0,0,0,16,0,0,0,0,0,0,15,0,0,0
56,,,,,,,,,,,,,,,,,,,,,,,,,,,0,0,0,15,0,0,0,0,0,0,15,0,0,0
57,,,,,,,,,,,,,,,,,,,,,,,,,,,0,0,0,0,0,0,0,0,0,0,15,0,0,0
58,,,,,,,,,,,,,,,,,,,,,,,,,,,0,0,16,0,0,0,0,0,15,0,0,16,15,0
59,,,,,,,,,,,,,,,,,,,,,,,,,,,0,0,15,0,0,0,0,0,15,0,16,0,16,0
60,,,,,,,,,,,,,,,,,,,,,,,,,,,0,0,0,15,16,0,16,0,0,0,16,0,0,0
61,,,,,,,,,,,,,,,,,,,,,,,,,,,0,0,0,15,15,0,0,0,0,0,16,0,0,0
62,,,,,,,,,,,,,,,,,,,,,,,,,,,0,0,16,0,0,0,0,0,16,0,16,0,0,15
63,,,,,,,,,,,,,,,,,,,,,,,,,,,15,0,16,0,0,0,0,0,0,0,0,15,15,0
64,,,,,,,,,,,,,,,,,,,,,,,,,,,,,16,0,,,,,0,0,0,15,0,0
65,,,,,,,,,,,,,,,,,,,,,,,,,,,,,0,0,,,,,0,16,15,0,0,0
66,,,,,,,,,,,,,,,,,,,,,,,,,,,,,16,0,,,,,16,0,16,0,15,0
67,,,,,,,,,,,,,,,,,,,,,,,,,,,,,15,0,,,,,0,0,16,0,0,0
68,,,,,,,,,,,,,,,,,,,,,,,,,,,,,15,0,,,,,0,0,16,0,0,0
69,,,,,,,,,,,,,,,,,,,,,,,,,,,,,15,0,,,,,16,0,0,15,16,0
70,,,,,,,,,,,,,,,,,,,,,,,,,,,,,16,0,,,,,0,0,0,15,0,0
71,,,,,,,,,,,,,,,,,,,,,,,,,,,,,16,0,,,,,0,0,16,0,0,0
72,,,,,,,,,,,,,,,,,,,,,,,,,,,,,16,0,,,,,15,0,16,0,16,0
73,,,,,,,,,,,,,,,,,,,,,,,,,,,,,16,0,,,,,0,0,16,0,0,0
74,,,,,,,,,,,,,,,,,,,,,,,,,,,,,16,0,,,,,16,0,16,0,0,15
75,,,,,,,,,,,,,,,,,,,,,,,,,,,,,15,0,,,,,0,0,0,0,15,0
76,,,,,,,,,,,,,,,,,,,,,,,,,,,,,15,0,,,,,0,16,16,0,0,0
77,,,,,,,,,,,,,,,,,,,,,,,,,,,,,15,0,,,,,16,0,16,0,16,0
78,,,,,,,,,,,,,,,,,,,,,,,,,,,,,16,0,,,,,0,0,16,0,0,0
79,,,,,,,,,,,,,,,,,,,,,,,,,,,,,16,0,,,,,15,0,16,0,16,0
80,,,,,,,,,,,,,,,,,,,,,,,,,,,,,0,15,,,,,0,0,0,0,0,0
81,,,,,,,,,,,,,,,,,,,,,,,,,,,,,15,0,,,,,16,0,16,0,0,15
82,,,,,,,,,,,,,,,,,,,,,,,,,,,,,15,0,,,,,0,0,16,0,0,0
83,,,,,,,,,,,,,,,,,,,,,,,,,,,,,16,0,,,,,16,0,16,0,0,0
84,,,,,,,,,,,,,,,,,,,,,,,,,,,,,16,0,,,,,0,0,16,0,16,0
85,,,,,,,,,,,,,,,,,,,,,,,,,,,,,0,15,,,,,0,15,15,0,0,0
86,,,,,,,,,,,,,,,,,,,,,,,,,,,,,15,0,,,,,0,0,16,0,16,0
87,,,,,,,,,,,,,,,,,,,,,,,,,,,,,15,0,,,,,16,0,16,0,0,0
88,,,,,,,,,,,,,,,,,,,,,,,,,,,,,16,0,,,,,0,0,0,15,15,0
89,,,,,,,,,,,,,,,,,,,,,,,,,,,,,16,0,,,,,16,0,15,0,0,0
90,,,,,,,,,,,,,,,,,,,,,,,,,,,,,15,0,,,,,0,0,15,0,16,0
91,,,,,,,,,,,,,,,,,,,,,,,,,,,,,16,0,,,,,15,0,16,0,0,15
92,,,,,,,,,,,,,,,,,,,,,,,,,,,,,16,0,,,,,0,0,16,0,0,0
93,,,,,,,,,,,,,,,,,,,,,,,,,,,,,16,15,,,,,16,0,16,15,16,0
94,,,,,,,,,,,,,,,,,,,,,,,,,,,,,15,0,,,,,0,0,15,0,0,0
95,,,,,,,,,,,,,,,,,,,,,,,,,,,,,16,0,,,,,15,0,15,0,16,0
96,,,,,,,,,,,,,,,,,,,,,,,,,,,,,16,0,,,,,0,16,16,0,0,15
97,,,,,,,,,,,,,,,,,,,,,,,,,,,,,15,0,,,,,0,0,16,0,0,0
98,,,,,,,,,,,,,,,,,,,,,,,,,,,,,16,0,,,,,16,0,16,0,16,0
99,,,,,,,,,,,,,,,,,,,,,,,,,,,,,16,0,,,,,0,16,16,16,0,0
100,,,,,,,,,,,,,,,,,,,,,,,,,,,,,15,0,,,,,0,0,15,0,15,0
101,,,,,,,,,,,,,,,,,,,,,,,,,,,,,15,0,,,,,16,0,15,16,16,0
102,,,,,,,,,,,,,,,,,,,,,,,,,,,,,16,0,,,,,0,0,16,0,0,0
103,,,,,,,,,,,,,,,,,,,,,,,,,,,,,15,0,,,,,15,0,15,0,16,0
104,,,,,,,,,,,,,,,,,,,,,,,,,,,,,16,0,,,,,16,0,15,0,16,0
105,,,,,,,,,,,,,,,,,,,,,,,,,,,,,16,0,,,,,0,0,16,0,0,0
106,,,,,,,,,,,,,,,,,,,,,,,,,,,,,16,0,,,,,0,0,15,0,0,0
107,,,,,,,,,,,,,,,,,,,,,,,,,,,,,16,0,,,,,16,0,16,16,15,0
108,,,,,,,,,,,,,,,,,,,,,,,,,,,,,15,0,,,,,15,0,16,0,16,0
109,,,,,,,,,,,,,,,,,,,,,,,,,,,,,16,0,,,,,0,0,16,0,0,0
110,,,,,,,,,,,,,,,,,,,,,,,,,,,,,16,0,,,,,16,0,16,0,0,0
111,,,,,,,,,,,,,,,,,,,,,,,,,,,,,15,0,,,,,16,0,15,16,16,0
112,,,,,,,,,,,,,,,,,,,,,,,,,,,,,16,0,,,,,16,0,16,0,15,0
113,,,,,,,,,,,,,,,,,,,,,,,,,,,,,31,0,,,,,0,0,15,0,0,0
114,,,,,,,,,,,,,,,,,,,,,,,,,,,,,15,16,,,,,16,0,16,0,0,0
115,,,,,,,,,,,,,,,,,,,,,,,,,,,,,16,0,,,,,15,0,16,0,15,0
116,,,,,,,,,,,,,,,,,,,,,,,,,,,,,15,0,,,,,16,0,16,0,16,0
117,,,,,,,,,,,,,,,,,,,,,,,,,,,,,16,0,,,,,0,0,15,0,15,0
118,,,,,,,,,,,,,,,,,,,,,,,,,,,,,15,0,,,,,0,0,16,0,0,0
119,,,,,,,,,,,,,,,,,,,,,,,,,,,,,16,0,,,,,0,0,31,0,0,0
120,,,,,,,,,,,,,,,,,,,,,,,,,,,,,31,0,,,,,15,0,31,0,0,0
121,,,,,,,,,,,,,,,,,,,,,,,,,,,,,16,16,,,,,16,0,15,0,0,0
122,,,,,,,,,,,,,,,,,,,,,,,,,,,,,16,15,,,,,15,0,16,0,16,0
123,,,,,,,,,,,,,,,,,,,,,,,,,,,,,16,16,,,,,0,0,15,0,16,0
124,,,,,,,,,,,,,,,,,,,,,,,,,,,,,32,0,,,,,0,0,16,0,16,0
125,,,,,,,,,,,,,,,,,,,,,,,,,,,,,31,0,,,,,0,0,16,0,16,0
126,,,,,,,,,,,,,,,,,,,,,,,,,,,,,32,0,,,,,16,0,16,0,16,0
127,,,,,,,,,,,,,,,,,,,,,,,,,,,,,16,0,,,,,15,0,15,0,16,0
128,,,,,,,,,,,,,,,,,,,,,,,,,,,,,16,0,,,,,,,16,0,,
129,,,,,,,,,,,,,,,,,,,,,,,,,,,,,16,0,,,,,,,16,0,,
130,,,,,,,,,,,,,,,,,,,,,,,,,,,,,16,0,,,,,,,16,16,,
131,,,,,,,,,,,,,,,,,,,,,,,,,,,,,16,0,,,,,,,31,0,,
132,,,,,,,,,,,,,,,,,,,,,,,,,,,,,16,15,,,,,,,32,0,,
133,,,,,,,,,,,,,,,,,,,,,,,,,,,,,32,0,,,,,,,16,0,,
134,,,,,,,,,,,,,,,,,,,,,,,,,,,,,15,0,,,,,,,16,0,,
135,,,,,,,,,,,,,,,,,,,,,,,,,,,,,16,0,,,,,,,16,16,,
136,,,,,,,,,,,,,,,,,,,,,,,,,,,,,15,16,,,,,,,31,0,,
137,,,,,,,,,,,,,,,,,,,,,,,,,,,,,31,0,,,,,,,16,0,,
138,,,,,,,,,,,,,,,,,,,,,,,,,,,,,16,0,,,,,,,15,0,,
139,,,,,,,,,,,,,,,,,,,,,,,,,,,,,15,0,,,,,,,31,0,,
140,,,,,,,,,,,,,,,,,,,,,,,,,,,,,16,15,,,,,,,16,0,,
141,,,,,,,,,,,,,,,,,,,,,,,,,,,,,31,0,,,,,,,15,0,,
142,,,,,,,,,,,,,,,,,,,,,,,,,,,,,15,0,,,,,,,31,0,,
143,,,,,,,,,,,,,,,,,,,,,,,,,,,,,16,16,,,,,,,16,0,,
144,,,,,,,,,,,,,,,,,,,,,,,,,,,,,31,0,,,,,,,31,0,,
145,,,,,,,,,,,,,,,,,,,,,,,,,,,,,16,15,,,,,,,16,0,,
146,,,,,,,,,,,,,,,,,,,,,,,,,,,,,32,0,,,,,,,16,16,,
147,,,,,,,,,,,,,,,,,,,,,,,,,,,,,15,0,,,,,,,31,0,,
148,,,,,,,,,,,,,,,,,,,,,,,,,,,,,31,0,,,,,,,16,15,,
149,,,,,,,,,,,,,,,,,,,,,,,,,,,,,16,0,,,,,,,31,0,,
150,,,,,,,,,,,,,,,,,,,,,,,,,,,,,31,0,,,,,,,15,16,,
151,,,,,,,,,,,,,,,,,,,,,,,,,,,,,15,0,,,,,,,31,0,,
152,,,,,,,,,,,,,,,,,,,,,,,,,,,,,32,0,,,,,,,16,16,,
153,,,,,,,,,,,,,,,,,,,,,,,,,,,,,16,0,,,,,,,16,0,,
154,,,,,,,,,,,,,,,,,,,,,,,,,,,,,31,0,,,,,,,31,0,,
155,,,,,,,,,,,,,,,,,,,,,,,,,,,,,31,0,,,,,,,16,0,,
156,,,,,,,,,,,,,,,,,,,,,,,,,,,,,16,0,,,,,,,31,0,,
157,,,,,,,,,,,,,,,,,,,,,,,,,,,,,31,0,,,,,,,15,16,,
158,,,,,,,,,,,,,,,,,,,,,,,,,,,,,15,16,,,,,,,15,0,,
159,,,,,,,,,,,,,,,,,,,,,,,,,,,,,16,0,,,,,,,32,0,,
160,,,,,,,,,,,,,,,,,,,,,,,,,,,,,32,0,,,,,,,32,0,,
161,,,,,,,,,,,,,,,,,,,,,,,,,,,,,31,0,,,,,,,15,0,,
162,,,,,,,,,,,,,,,,,,,,,,,,,,,,,15,16,,,,,,,15,0,,
163,,,,,,,,,,,,,,,,,,,,,,,,,,,,,15,0,,,,,,,31,0,,
164,,,,,,,,,,,,,,,,,,,,,,,,,,,,,32,0,,,,,,,32,0,,
165,,,,,,,,,,,,,,,,,,,,,,,,,,,,,32,0,,,,,,,32,0,,
166,,,,,,,,,,,,,,,,,,,,,,,,,,,,,31,0,,,,,,,15,16,,
167,,,,,,,,,,,,,,,,,,,,,,,,,,,,,15,16,,,,,,,15,0,,
168,,,,,,,,,,,,,,,,,,,,,,,,,,,,,15,0,,,,,,,31,0,,
169,,,,,,,,,,,,,,,,,,,,,,,,,,,,,16,0,,,,,,,32,0,,
170,,,,,,,,,,,,,,,,,,,,,,,,,,,,,16,0,,,,,,,32,0,,
171,,,,,,,,,,,,,,,,,,,,,,,,,,,,,31,0,,,,,,,31,0,,
172,,,,,,,,,,,,,,,,,,,,,,,,,,,,,31,0,,,,,,,31,0,,
173,,,,,,,,,,,,,,,,,,,,,,,,,,,,,31,0,,,,,,,31,0,,
174,,,,,,,,,,,,,,,,,,,,,,,,,,,,,32,0,,,,,,,31,0,,
175,,,,,,,,,,,,,,,,,,,,,,,,,,,,,32,0,,,,,,,31,0,,
176,,,,,,,,,,,,,,,,,,,,,,,,,,,,,31,0,,,,,,,31,0,,
177,,,,,,,,,,,,,,,,,,,,,,,,,,,,,31,0,,,,,,,32,0,,
178,,,,,,,,,,,,,,,,,,,,,,,,,,,,,31,0,,,,,,,32,0,,
179,,,,,,,,,,,,,,,,,,,,,,,,,,,,,31,0,,,,,,,31,0,,
180,,,,,,,,,,,,,,,,,,,,,,,,,,,,,31,0,,,,,,,31,0,,
181,,,,,,,,,,,,,,,,,,,,,,,,,,,,,31,0,,,,,,,15,16,,
182,,,,,,,,,,,,,,,,,,,,,,,,,,,,,32,0,,,,,,,31,0,,
183,,,,,,,,,,,,,,,,,,,,,,,,,,,,,16,0,,,,,,,31,0,,
184,,,,,,,,,,,,,,,,,,,,,,,,,,,,,16,15,,,,,,,31,0,,
185,,,,,,,,,,,,,,,,,,,,,,,,,,,,,32,0,,,,,,,31,0,,
186,,,,,,,,,,,,,,,,,,,,,,,,,,,,,32,0,,,,,,,15,16,,
187,,,,,,,,,,,,,,,,,,,,,,,,,,,,,16,0,,,,,,,31,0,,
188,,,,,,,,,,,,,,,,,,,,,,,,,,,,,32,0,,,,,,,31,0,,
189,,,,,,,,,,,,,,,,,,,,,,,,,,,,,32,0,,,,,,,31,0,,
190,,,,,,,,,,,,,,,,,,,,,,,,,,,,,31,0,,,,,,,31,0,,
191,,,,,,,,,,,,,,,,,,,,,,,,,,,,,16,16,,,,,,,31,0,,
192,,,,,,,,,,,,,,,,,,,,,,,,,,,,,32,0,,,,,,,31,0,,
193,,,,,,,,,,,,,,,,,,,,,,,,,,,,,31,0,,,,,,,31,0,,
194,,,,,,,,,,,,,,,,,,,,,,,,,,,,,16,16,,,,,,,31,0,,
195,,,,,,,,,,,,,,,,,,,,,,,,,,,,,32,0,,,,,,,31,0,,
196,,,,,,,,,,,,,,,,,,,,,,,,,,,,,31,0,,,,,,,31,0,,
197,,,,,,,,,,,,,,,,,,,,,,,,,,,,,32,0,,,,,,,31,0,,
198,,,,,,,,,,,,,,,,,,,,,,,,,,,,,32,0,,,,,,,31,0,,
199,,,,,,,,,,,,,,,,,,,,,,,,,,,,,31,0,,,,,,,31,0,,
200,,,,,,,,,,,,,,,,,,,,,,,,,,,,,32,0,,,,,,,31,0,,
201,,,,,,,,,,,,,,,,,,,,,,,,,,,,,31,0,,,,,,,32,0,,
202,,,,,,,,,,,,,,,,,,,,,,,,,,,,,31,0,,,,,,,31,0,,
203,,,,,,,,,,,,,,,,,,,,,,,,,,,,,31,0,,,,,,,31,0,,
204,,,,,,,,,,,,,,,,,,,,,,,,,,,,,31,16,,,,,,,31,0,,
205,,,,,,,,,,,,,,,,,,,,,,,,,,,,,31,0,,,,,,,31,16,,
206,,,,,,,,,,,,,,,,,,,,,,,,,,,,,31,0,,,,,,,31,0,,
207,,,,,,,,,,,,,,,,,,,,,,,,,,,,,31,0,,,,,,,31,0,,
208,,,,,,,,,,,,,,,,,,,,,,,,,,,,,32,0,,,,,,,31,16,,
209,,,,,,,,,,,,,,,,,,,,,,,,,,,,,31,0,,,,,,,32,0,,
210,,,,,,,,,,,,,,,,,,,,,,,,,,,,,32,0,,,,,,,31,0,,
211,,,,,,,,,,,,,,,,,,,,,,,,,,,,,31,0,,,,,,,31,0,,
212,,,,,,,,,,,,,,,,,,,,,,,,,,,,,31,0,,,,,,,31,0,,
213,,,,,,,,,,,,,,,,,,,,,,,,,,,,,31,16,,,,,,,31,0,,
214,,,,,,,,,,,,,,,,,,,,,,,,,,,,,31,0,,,,,,,31,0,,
215,,,,,,,,,,,,,,,,,,,,,,,,,,,,,32,0,,,,,,,47,0,,
216,,,,,,,,,,,,,,,,,,,,,,,,,,,,,31,0,,,,,,,32,15,,
217,,,,,,,,,,,,,,,,,,,,,,,,,,,,,31,0,,,,,,,31,0,,
218,,,,,,,,,,,,,,,,,,,,,,,,,,,,,31,16,,,,,,,31,0,,
219,,,,,,,,,,,,,,,,,,,,,,,,,,,,,31,0,,,,,,,31,0,,
220,,,,,,,,,,,,,,,,,,,,,,,,,,,,,31,0,,,,,,,32,0,,
221,,,,,,,,,,,,,,,,,,,,,,,,,,,,,32,0,,,,,,,31,0,,
222,,,,,,,,,,,,,,,,,,,,,,,,,,,,,31,0,,,,,,,31,0,,
223,,,,,,,,,,,,,,,,,,,,,,,,,,,,,31,0,,,,,,,31,0,,
224,,,,,,,,,,,,,,,,,,,,,,,,,,,,,31,0,,,,,,,32,0,,
225,,,,,,,,,,,,,,,,,,,,,,,,,,,,,32,0,,,,,,,31,0,,
226,,,,,,,,,,,,,,,,,,,,,,,,,,,,,31,0,,,,,,,31,0,,
227,,,,,,,,,,,,,,,,,,,,,,,,,,,,,31,0,,,,,,,31,0,,
228,,,,,,,,,,,,,,,,,,,,,,,,,,,,,31,0,,,,,,,32,0,,
229,,,,,,,,,,,,,,,,,,,,,,,,,,,,,32,0,,,,,,,31,0,,
230,,,,,,,,,,,,,,,,,,,,,,,,,,,,,31,0,,,,,,,31,16,,
231,,,,,,,,,,,,,,,,,,,,,,,,,,,,,31,0,,,,,,,31,16,,
232,,,,,,,,,,,,,,,,,,,,,,,,,,,,,31,0,,,,,,,47,0,,
233,,,,,,,,,,,,,,,,,,,,,,,,,,,,,32,15,,,,,,,47,0,,
234,,,,,,,,,,,,,,,,,,,,,,,,,,,,,31,16,,,,,,,31,0,,
235,,,,,,,,,,,,,,,,,,,,,,,,,,,,,47,0,,,,,,,32,0,,
236,,,,,,,,,,,,,,,,,,,,,,,,,,,,,31,0,,,,,,,31,0,,
237,,,,,,,,,,,,,,,,,,,,,,,,,,,,,31,0,,,,,,,31,16,,
238,,,,,,,,,,,,,,,,,,,,,,,,,,,,,31,0,,,,,,,31,0,,
239,,,,,,,,,,,,,,,,,,,,,,,,,,,,,32,0,,,,,,,31,0,,
240,,,,,,,,,,,,,,,,,,,,,,,,,,,,,47,0,,,,,,,47,0,,
241,,,,,,,,,,,,,,,,,,,,,,,,,,,,,31,0,,,,,,,46,0,,
242,,,,,,,,,,,,,,,,,,,,,,,,,,,,,47,0,,,,,,,31,0,,
243,,,,,,,,,,,,,,,,,,,,,,,,,,,,,47,0,,,,,,,31,16,,
244,,,,,,,,,,,,,,,,,,,,,,,,,,,,,32,0,,,,,,,47,0,,
245,,,,,,,,,,,,,,,,,,,,,,,,,,,,,47,0,,,,,,,31,0,,
246,,,,,,,,,,,,,,,,,,,,,,,,,,,,,31,0,,,,,,,32,15,,
247,,,,,,,,,,,,,,,,,,,,,,,,,,,,,32,0,,,,,,,31,0,,
248,,,,,,,,,,,,,,,,,,,,,,,,,,,,,47,0,,,,,,,31,16,,
249,,,,,,,,,,,,,,,,,,,,,,,,,,,,,32,0,,,,,,,47,0,,
250,,,,,,,,,,,,,,,,,,,,,,,,,,,,,47,0,,,,,,,31,0,,
251,,,,,,,,,,,,,,,,,,,,,,,,,,,,,31,0,,,,,,,47,0,,
252,,,,,,,,,,,,,,,,,,,,,,,,,,,,,47,0,,,,,,,32,0,,
253,,,,,,,,,,,,,,,,,,,,,,,,,,,,,31,0,,,,,,,47,0,,
254,,,,,,,,,,,,,,,,,,,,,,,,,,,,,47,0,,,,,,,32,0,,
255,,,,,,,,,,,,,,,,,,,,,,,,,,,,,31,0,,,,,,,31,0,,
