"message length","decode p = 3","fast decode p = 3","decode p = 5","fast decode p = 5","decode p = 7","fast decode p = 7","decode p = 11","fast decode p = 11","decode p = 13","fast decode p = 13","decode p = 17","fast decode p = 17","decode p = 19","fast decode p = 19","decode p = 29","fast decode p = 29","decode p = 37","fast decode p = 37","decode p = 41","fast decode p = 41","decode p = 73","fast decode p = 73","decode p = 97","fast decode p = 97","decode p = 113","fast decode p = 113","decode p = 193","fast decode p = 193","decode p = 257","fast decode p = 257","decode p = 449","fast decode p = 449","decode p = 577","fast decode p = 577","decode p = 641","fast decode p = 641","decode p = 769","fast decode p = 769","decode p = 1153","fast decode p = 1153"
1,0,0,0,0,0,0,0,0,0,0,0,0,0,0,0,0,0,0,0,0,15,0,0,0,0,0,0,0,140,0,15,0,16,0,47,0,156,0,31,0
2,,,0,0,,,,,0,0,0,0,,,0,0,0,0,0,0,0,0,0,0,0,0,15,0,141,0,16,0,0,0,32,0,141,16,47,0
3,,,0,0,,,,,0,0,0,0,,,0,0,0,0,0,0,0,0,16,0,0,0,16,0,156,0,15,0,16,0,46,0,140,0,32,0
4,,,,,,,,,,,0,0,,,,,,,0,0,0,0,0,0,0,0,16,0,141,0,16,0,15,0,47,0,140,0,31,0
5,,,,,,,,,,,0,0,,,,,,,0,0,0,0,0,0,0,0,15,0,141,0,0,0,16,0,32,0,141,16,47,0
6,,,,,,,,,,,0,0,,,,,,,0,0,0,0,15,0,0,0,0,0,156,0,0,0,15,0,46,0,140,0,47,0
7,,,,,,,,,,,0,0,,,,,,,0,0,0,0,0,0,16,0,0,0,141,15,15,0,0,0,47,0,141,0,31,0
8,,,,,,,,,,,0,0,,,,,,,,,,,0,0,0,0,15,0,141,0,16,0,0,0,32,0,156,0,31,0
9,,,,,,,,,,,0,0,,,,,,,,,,,0,0,0,0,16,0,140,0,16,0,16,0,31,0,140,0,47,0
10,,,,,,,,,,,0,0,,,,,,,,,,,0,0,0,0,16,0,156,0,15,0,15,0,47,0,141,0,31,0
11,,,,,,,,,,,0,0,,,,,,,,,,,0,0,0,0,15,0,141,16,0,16,16,0,47,0,141,0,31,0
12,,,,,,,,,,,0,0,,,,,,,,,,,0,0,0,0,0,16,140,16,0,0,16,0,31,0,140,0,47,0
13,,,,,,,,,,,0,0,,,,,,,,,,,0,0,0,0,0,0,141,0,0,0,15,0,31,0,140,0,47,0
14,,,,,,,,,,,0,0,,,,,,,,,,,0,0,0,0,0,0,156,0,16,0,16,0,31,0,141,16,31,16
15,,,,,,,,,,,0,0,,,,,,,,,,,0,0,16,0,15,0,157,0,16,0,0,0,47,0,140,16,31,0
16,,,,,,,,,,,,,,,,,,,,,,,0,0,,,16,0,140,16,15,0,0,0,47,0,141,15,31,0
17,,,,,,,,,,,,,,,,,,,,,,,0,0,,,15,0,141,15,16,0,16,0,31,0,141,0,47,0
18,,,,,,,,,,,,,,,,,,,,,,,0,0,,,16,0,141,15,16,0,16,0,31,0,141,0,47,0
19,,,,,,,,,,,,,,,,,,,,,,,16,0,,,16,0,141,16,0,0,15,0,31,0,140,0,31,16
20,,,,,,,,,,,,,,,,,,,,,,,0,0,,,15,0,140,16,0,0,16,0,31,0,141,0,31,0
21,,,,,,,,,,,,,,,,,,,,,,,0,0,,,0,16,141,15,0,0,16,0,47,0,141,0,31,0
22,,,,,,,,,,,,,,,,,,,,,,,0,0,,,0,0,141,15,15,0,15,0,47,0,141,0,32,0
23,,,,,,,,,,,,,,,,,,,,,,,0,0,,,0,0,157,0,16,0,16,0,31,15,141,15,46,0
24,,,,,,,,,,,,,,,,,,,,,,,0,0,,,0,0,156,0,16,0,15,0,32,0,172,16,47,0
25,,,,,,,,,,,,,,,,,,,,,,,15,0,,,16,0,140,0,15,0,16,0,32,0,157,15,47,0
26,,,,,,,,,,,,,,,,,,,,,,,0,0,,,15,0,140,0,16,0,16,0,31,0,157,0,47,0
27,,,,,,,,,,,,,,,,,,,,,,,0,0,,,16,0,141,0,16,0,0,15,31,0,141,0,47,0
28,,,,,,,,,,,,,,,,,,,,,,,0,0,,,16,0,141,0,15,0,0,0,31,0,157,0,47,0
29,,,,,,,,,,,,,,,,,,,,,,,0,0,,,15,0,140,16,16,0,0,0,47,0,141,0,31,16
30,,,,,,,,,,,,,,,,,,,,,,,0,0,,,16,0,141,0,15,0,0,0,47,0,140,0,31,0
31,,,,,,,,,,,,,,,,,,,,,,,0,0,,,16,0,140,0,16,0,0,0,47,0,156,0,31,0
32,,,,,,,,,,,,,,,,,,,,,,,,,,,15,0,141,0,16,0,0,0,47,0,140,0,31,0
33,,,,,,,,,,,,,,,,,,,,,,,,,,,16,0,141,15,15,0,0,0,47,0,141,0,32,0
34,,,,,,,,,,,,,,,,,,,,,,,,,,,15,0,157,0,16,0,0,0,46,0,156,0,32,0
35,,,,,,,,,,,,,,,,,,,,,,,,,,,16,0,141,0,16,0,16,0,47,0,141,0,31,0
36,,,,,,,,,,,,,,,,,,,,,,,,,,,16,0,140,16,15,0,0,0,47,0,141,0,31,0
37,,,,,,,,,,,,,,,,,,,,,,,,,,,15,0,141,0,16,0,0,0,47,0,140,16,31,0
38,,,,,,,,,,,,,,,,,,,,,,,,,,,16,0,140,0,15,0,0,0,47,0,141,0,31,0
39,,,,,,,,,,,,,,,,,,,,,,,,,,,16,0,156,0,16,0,15,0,47,0,140,0,31,0
40,,,,,,,,,,,,,,,,,,,,,,,,,,,15,0,140,0,16,0,0,0,47,0,156,0,31,0
41,,,,,,,,,,,,,,,,,,,,,,,,,,,16,0,141,15,15,0,0,0,47,0,157,0,32,0
42,,,,,,,,,,,,,,,,,,,,,,,,,,,15,0,141,0,16,0,0,0,31,0,157,0,31,16
43,,,,,,,,,,,,,,,,,,,,,,,,,,,16,0,141,15,16,0,0,0,31,0,141,15,47,0
44,,,,,,,,,,,,,,,,,,,,,,,,,,,16,0,141,0,15,0,0,0,31,0,141,15,47,0
45,,,,,,,,,,,,,,,,,,,,,,,,,,,15,0,157,0,16,0,0,0,31,0,141,15,31,0
46,,,,,,,,,,,,,,,,,,,,,,,,,,,16,0,141,0,0,0,0,0,31,0,140,16,32,0
47,,,,,,,,,,,,,,,,,,,,,,,,,,,16,0,157,0,0,0,0,0,31,0,140,0,32,0
48,,,,,,,,,,,,,,,,,,,,,,,,,,,15,0,141,0,0,0,0,0,47,0,140,0,31,0
49,,,,,,,,,,,,,,,,,,,,,,,,,,,0,0,141,0,0,0,0,16,47,0,141,0,47,0
50,,,,,,,,,,,,,,,,,,,,,,,,,,,0,0,141,0,0,16,16,0,47,0,156,0,47,0
51,,,,,,,,,,,,,,,,,,,,,,,,,,,0,0,141,0,15,0,15,0,31,0,156,0,32,0
52,,,,,,,,,,,,,,,,,,,,,,,,,,,0,0,140,16,16,0,16,0,31,0,157,0,32,0
53,,,,,,,,,,,,,,,,,,,,,,,,,,,0,16,141,0,15,0,16,0,32,0,141,16,31,0
54,,,,,,,,,,,,,,,,,,,,,,,,,,,16,0,141,0,16,0,15,0,32,15,141,0,31,16
55,,,,,,,,,,,,,,,,,,,,,,,,,,,15,0,140,16,16,0,16,0,47,0,141,0,47,0
56,,,,,,,,,,,,,,,,,,,,,,,,,,,16,0,141,16,15,0,15,0,31,0,141,0,47,0
57,,,,,,,,,,,,,,,,,,,,,,,,,,,15,0,141,0,16,0,16,0,31,0,156,0,32,0
58,,,,,,,,,,,,,,,,,,,,,,,,,,,16,0,141,0,0,0,16,0,32,0,156,0,31,0
59,,,,,,,,,,,,,,,,,,,,,,,,,,,16,0,141,0,0,0,0,0,47,0,140,0,47,0
60,,,,,,,,,,,,,,,,,,,,,,,,,,,15,0,141,16,0,0,0,16,47,0,141,0,47,0
61,,,,,,,,,,,,,,,,,,,,,,,,,,,0,0,141,15,0,16,15,0,31,0,156,0,32,0
62,,,,,,,,,,,,,,,,,,,,,,,,,,,0,0,140,0,16,0,16,0,31,15,156,0,32,0
63,,,,,,,,,,,,,,,,,,,,,,,,,,,0,0,140,0,15,0,15,0,47,0,157,0,47,0
64,,,,,,,,,,,,,,,,,,,,,,,,,,,,,141,0,,,,,31,0,157,0,47,0
65,,,,,,,,,,,,,,,,,,,,,,,,,,,,,141,0,,,,,31,0,140,0,31,0
66,,,,,,,,,,,,,,,,,,,,,,,,,,,,,141,0,,,,,47,0,140,0,32,15
67,,,,,,,,,,,,,,,,,,,,,,,,,,,,,141,0,,,,,46,0,140,0,47,0
68,,,,,,,,,,,,,,,,,,,,,,,,,,,,,141,0,,,,,31,0,141,16,31,0
69,,,,,,,,,,,,,,,,,,,,,,,,,,,,,140,0,,,,,47,0,157,0,31,16
70,,,,,,,,,,,,,,,,,,,,,,,,,,,,,140,0,,,,,32,0,156,0,46,0
71,,,,,,,,,,,,,,,,,,,,,,,,,,,,,140,0,,,,,32,0,156,0,31,0
72,,,,,,,,,,,,,,,,,,,,,,,,,,,,,141,0,,,,,47,0,140,0,47,0
73,,,,,,,,,,,,,,,,,,,,,,,,,,,,,141,0,,,,,31,0,141,0,32,0
74,,,,,,,,,,,,,,,,,,,,,,,,,,,,,141,0,,,,,31,15,141,16,32,0
75,,,,,,,,,,,,,,,,,,,,,,,,,,,,,141,0,,,,,31,0,156,0,47,0
76,,,,,,,,,,,,,,,,,,,,,,,,,,,,,141,0,,,,,31,0,140,0,31,0
77,,,,,,,,,,,,,,,,,,,,,,,,,,,,,140,0,,,,,47,0,140,0,46,0
78,,,,,,,,,,,,,,,,,,,,,,,,,,,,,140,0,,,,,32,0,141,0,31,0
79,,,,,,,,,,,,,,,,,,,,,,,,,,,,,140,16,,,,,47,0,141,0,31,16
80,,,,,,,,,,,,,,,,,,,,,,,,,,,,,157,0,,,,,31,0,141,15,47,0
81,,,,,,,,,,,,,,,,,,,,,,,,,,,,,141,0,,,,,31,15,140,0,32,0
82,,,,,,,,,,,,,,,,,,,,,,,,,,,,,140,0,,,,,31,0,140,0,47,0
83,,,,,,,,,,,,,,,,,,,,,,,,,,,,,140,0,,,,,31,16,141,0,31,0
84,,,,,,,,,,,,,,,,,,,,,,,,,,,,,140,16,,,,,32,0,141,16,46,0
85,,,,,,,,,,,,,,,,,,,,,,,,,,,,,141,0,,,,,32,15,140,0,31,0
86,,,,,,,,,,,,,,,,,,,,,,,,,,,,,141,0,,,,,31,0,140,0,47,0
87,,,,,,,,,,,,,,,,,,,,,,,,,,,,,140,0,,,,,31,16,140,16,32,0
88,,,,,,,,,,,,,,,,,,,,,,,,,,,,,140,16,,,,,31,0,141,0,47,0
89,,,,,,,,,,,,,,,,,,,,,,,,,,,,,141,0,,,,,31,16,141,0,31,0
90,,,,,,,,,,,,,,,,,,,,,,,,,,,,,141,15,,,,,31,0,140,16,47,0
91,,,,,,,,,,,,,,,,,,,,,,,,,,,,,140,0,,,,,47,0,141,0,31,16
92,,,,,,,,,,,,,,,,,,,,,,,,,,,,,141,0,,,,,31,0,140,0,31,0
93,,,,,,,,,,,,,,,,,,,,,,,,,,,,,141,0,,,,,47,0,141,0,46,0
94,,,,,,,,,,,,,,,,,,,,,,,,,,,,,140,0,,,,,32,0,141,0,31,0
95,,,,,,,,,,,,,,,,,,,,,,,,,,,,,140,16,,,,,47,0,156,0,47,0
96,,,,,,,,,,,,,,,,,,,,,,,,,,,,,141,0,,,,,31,16,141,0,32,15
97,,,,,,,,,,,,,,,,,,,,,,,,,,,,,141,15,,,,,31,0,156,0,31,0
98,,,,,,,,,,,,,,,,,,,,,,,,,,,,,140,0,,,,,47,0,140,0,47,0
99,,,,,,,,,,,,,,,,,,,,,,,,,,,,,141,16,,,,,31,15,141,0,32,0
100,,,,,,,,,,,,,,,,,,,,,,,,,,,,,141,0,,,,,31,0,141,0,31,0
101,,,,,,,,,,,,,,,,,,,,,,,,,,,,,156,0,,,,,47,0,140,0,47,0
102,,,,,,,,,,,,,,,,,,,,,,,,,,,,,141,16,,,,,32,0,140,16,31,0
103,,,,,,,,,,,,,,,,,,,,,,,,,,,,,140,0,,,,,31,0,141,0,31,0
104,,,,,,,,,,,,,,,,,,,,,,,,,,,,,141,0,,,,,47,0,156,0,46,0
105,,,,,,,,,,,,,,,,,,,,,,,,,,,,,141,15,,,,,32,0,141,16,47,0
106,,,,,,,,,,,,,,,,,,,,,,,,,,,,,140,0,,,,,31,0,140,0,31,0
107,,,,,,,,,,,,,,,,,,,,,,,,,,,,,141,0,,,,,47,0,141,0,31,0
108,,,,,,,,,,,,,,,,,,,,,,,,,,,,,141,15,,,,,47,0,141,15,47,0
109,,,,,,,,,,,,,,,,,,,,,,,,,,,,,140,0,,,,,31,0,140,16,32,0
110,,,,,,,,,,,,,,,,,,,,,,,,,,,,,141,0,,,,,31,0,141,0,31,0
111,,,,,,,,,,,,,,,,,,,,,,,,,,,,,141,15,,,,,47,0,140,0,47,0
112,,,,,,,,,,,,,,,,,,,,,,,,,,,,,141,0,,,,,46,0,141,0,47,0
113,,,,,,,,,,,,,,,,,,,,,,,,,,,,,141,0,,,,,31,0,140,0,31,16
114,,,,,,,,,,,,,,,,,,,,,,,,,,,,,141,0,,,,,31,0,156,0,32,0
115,,,,,,,,,,,,,,,,,,,,,,,,,,,,,141,0,,,,,47,0,141,15,31,0
116,,,,,,,,,,,,,,,,,,,,,,,,,,,,,156,0,,,,,47,0,140,16,47,0
117,,,,,,,,,,,,,,,,,,,,,,,,,,,,,157,0,,,,,32,15,141,15,47,0
118,,,,,,,,,,,,,,,,,,,,,,,,,,,,,140,16,,,,,31,0,140,0,47,0
119,,,,,,,,,,,,,,,,,,,,,,,,,,,,,141,0,,,,,32,0,141,0,47,0
120,,,,,,,,,,,,,,,,,,,,,,,,,,,,,140,0,,,,,31,0,140,16,31,0
121,,,,,,,,,,,,,,,,,,,,,,,,,,,,,141,0,,,,,47,0,141,0,31,0
122,,,,,,,,,,,,,,,,,,,,,,,,,,,,,140,0,,,,,47,0,140,16,31,0
123,,,,,,,,,,,,,,,,,,,,,,,,,,,,,141,0,,,,,47,0,141,15,31,0
124,,,,,,,,,,,,,,,,,,,,,,,,,,,,,141,0,,,,,32,15,140,16,31,0
125,,,,,,,,,,,,,,,,,,,,,,,,,,,,,140,0,,,,,31,0,156,0,46,0
126,,,,,,,,,,,,,,,,,,,,,,,,,,,,,141,0,,,,,32,0,156,0,47,0
127,,,,,,,,,,,,,,,,,,,,,,,,,,,,,140,16,,,,,31,0,140,0,46,0
128,,,,,,,,,,,,,,,,,,,,,,,,,,,,,141,15,,,,,,,141,0,,
129,,,,,,,,,,,,,,,,,,,,,,,,,,,,,156,0,,,,,,,140,0,,
130,,,,,,,,,,,,,,,,,,,,,,,,,,,,,140,0,,,,,,,141,0,,
131,,,,,,,,,,,,,,,,,,,,,,,,,,,,,141,0,,,,,,,140,0,,
132,,,,,,,,,,,,,,,,,,,,,,,,,,,,,140,0,,,,,,,141,15,,
133,,,,,,,,,,,,,,,,,,,,,,,,,,,,,141,0,,,,,,,141,0,,
134,,,,,,,,,,,,,,,,,,,,,,,,,,,,,156,0,,,,,,,140,0,,
135,,,,,,,,,,,,,,,,,,,,,,,,,,,,,141,0,,,,,,,141,0,,
136,,,,,,,,,,,,,,,,,,,,,,,,,,,,,141,0,,,,,,,141,15,,
137,,,,,,,,,,,,,,,,,,,,,,,,,,,,,141,15,,,,,,,141,0,,
138,,,,,,,,,,,,,,,,,,,,,,,,,,,,,157,0,,,,,,,141,0,,
139,,,,,,,,,,,,,,,,,,,,,,,,,,,,,140,0,,,,,,,141,15,,
140,,,,,,,,,,,,,,,,,,,,,,,,,,,,,141,0,,,,,,,141,0,,
141,,,,,,,,,,,,,,,,,,,,,,,,,,,,,156,0,,,,,,,140,0,,
142,,,,,,,,,,,,,,,,,,,,,,,,,,,,,140,0,,,,,,,156,0,,
143,,,,,,,,,,,,,,,,,,,,,,,,,,,,,141,0,,,,,,,141,0,,
144,,,,,,,,,,,,,,,,,,,,,,,,,,,,,156,0,,,,,,,140,16,,
145,,,,,,,,,,,,,,,,,,,,,,,,,,,,,140,0,,,,,,,140,0,,
146,,,,,,,,,,,,,,,,,,,,,,,,,,,,,157,0,,,,,,,141,0,,
147,,,,,,,,,,,,,,,,,,,,,,,,,,,,,141,0,,,,,,,141,0,,
148,,,,,,,,,,,,,,,,,,,,,,,,,,,,,141,15,,,,,,,141,0,,
149,,,,,,,,,,,,,,,,,,,,,,,,,,,,,141,0,,,,,,,141,0,,
150,,,,,,,,,,,,,,,,,,,,,,,,,,,,,140,16,,,,,,,140,0,,
151,,,,,,,,,,,,,,,,,,,,,,,,,,,,,140,0,,,,,,,140,0,,
152,,,,,,,,,,,,,,,,,,,,,,,,,,,,,156,0,,,,,,,141,15,,
153,,,,,,,,,,,,,,,,,,,,,,,,,,,,,141,0,,,,,,,141,0,,
154,,,,,,,,,,,,,,,,,,,,,,,,,,,,,141,0,,,,,,,156,0,,
155,,,,,,,,,,,,,,,,,,,,,,,,,,,,,141,15,,,,,,,141,0,,
156,,,,,,,,,,,,,,,,,,,,,,,,,,,,,141,0,,,,,,,141,0,,
157,,,,,,,,,,,,,,,,,,,,,,,,,,,,,141,0,,,,,,,140,16,,
158,,,,,,,,,,,,,,,,,,,,,,,,,,,,,140,16,,,,,,,140,0,,
159,,,,,,,,,,,,,,,,,,,,,,,,,,,,,140,0,,,,,,,140,0,,
160,,,,,,,,,,,,,,,,,,,,,,,,,,,,,141,0,,,,,,,157,0,,
161,,,,,,,,,,,,,,,,,,,,,,,,,,,,,141,0,,,,,,,140,0,,
162,,,,,,,,,,,,,,,,,,,,,,,,,,,,,140,16,,,,,,,140,0,,
163,,,,,,,,,,,,,,,,,,,,,,,,,,,,,140,0,,,,,,,140,0,,
164,,,,,,,,,,,,,,,,,,,,,,,,,,,,,140,0,,,,,,,140,0,,
165,,,,,,,,,,,,,,,,,,,,,,,,,,,,,141,0,,,,,,,157,0,,
166,,,,,,,,,,,,,,,,,,,,,,,,,,,,,157,0,,,,,,,141,16,,
167,,,,,,,,,,,,,,,,,,,,,,,,,,,,,140,16,,,,,,,140,0,,
168,,,,,,,,,,,,,,,,,,,,,,,,,,,,,140,16,,,,,,,140,0,,
169,,,,,,,,,,,,,,,,,,,,,,,,,,,,,140,16,,,,,,,140,0,,
170,,,,,,,,,,,,,,,,,,,,,,,,,,,,,141,0,,,,,,,141,0,,
171,,,,,,,,,,,,,,,,,,,,,,,,,,,,,141,0,,,,,,,141,0,,
172,,,,,,,,,,,,,,,,,,,,,,,,,,,,,141,0,,,,,,,141,0,,
173,,,,,,,,,,,,,,,,,,,,,,,,,,,,,140,0,,,,,,,141,0,,
174,,,,,,,,,,,,,,,,,,,,,,,,,,,,,140,0,,,,,,,141,0,,
175,,,,,,,,,,,,,,,,,,,,,,,,,,,,,141,0,,,,,,,140,0,,
176,,,,,,,,,,,,,,,,,,,,,,,,,,,,,141,0,,,,,,,140,0,,
177,,,,,,,,,,,,,,,,,,,,,,,,,,,,,141,0,,,,,,,140,0,,
178,,,,,,,,,,,,,,,,,,,,,,,,,,,,,141,0,,,,,,,141,0,,
179,,,,,,,,,,,,,,,,,,,,,,,,,,,,,141,0,,,,,,,141,0,,
180,,,,,,,,,,,,,,,,,,,,,,,,,,,,,140,0,,,,,,,141,16,,
181,,,,,,,,,,,,,,,,,,,,,,,,,,,,,140,0,,,,,,,157,0,,
182,,,,,,,,,,,,,,,,,,,,,,,,,,,,,140,0,,,,,,,141,0,,
183,,,,,,,,,,,,,,,,,,,,,,,,,,,,,141,15,,,,,,,141,0,,
184,,,,,,,,,,,,,,,,,,,,,,,,,,,,,156,0,,,,,,,141,0,,
185,,,,,,,,,,,,,,,,,,,,,,,,,,,,,140,0,,,,,,,141,16,,
186,,,,,,,,,,,,,,,,,,,,,,,,,,,,,141,0,,,,,,,156,0,,
187,,,,,,,,,,,,,,,,,,,,,,,,,,,,,141,15,,,,,,,141,0,,
188,,,,,,,,,,,,,,,,,,,,,,,,,,,,,140,0,,,,,,,157,0,,
189,,,,,,,,,,,,,,,,,,,,,,,,,,,,,141,0,,,,,,,141,0,,
190,,,,,,,,,,,,,,,,,,,,,,,,,,,,,141,0,,,,,,,141,0,,
191,,,,,,,,,,,,,,,,,,,,,,,,,,,,,156,0,,,,,,,141,16,,
192,,,,,,,,,,,,,,,,,,,,,,,,,,,,,141,0,,,,,,,141,0,,
193,,,,,,,,,,,,,,,,,,,,,,,,,,,,,141,15,,,,,,,141,16,,
194,,,,,,,,,,,,,,,,,,,,,,,,,,,,,140,0,,,,,,,141,0,,
195,,,,,,,,,,,,,,,,,,,,,,,,,,,,,141,0,,,,,,,141,0,,
196,,,,,,,,,,,,,,,,,,,,,,,,,,,,,140,0,,,,,,,157,0,,
197,,,,,,,,,,,,,,,,,,,,,,,,,,,,,140,0,,,,,,,141,0,,
198,,,,,,,,,,,,,,,,,,,,,,,,,,,,,156,0,,,,,,,157,0,,
199,,,,,,,,,,,,,,,,,,,,,,,,,,,,,140,0,,,,,,,141,0,,
200,,,,,,,,,,,,,,,,,,,,,,,,,,,,,140,16,,,,,,,156,0,,
201,,,,,,,,,,,,,,,,,,,,,,,,,,,,,140,0,,,,,,,140,16,,
202,,,,,,,,,,,,,,,,,,,,,,,,,,,,,156,0,,,,,,,140,0,,
203,,,,,,,,,,,,,,,,,,,,,,,,,,,,,141,0,,,,,,,156,0,,
204,,,,,,,,,,,,,,,,,,,,,,,,,,,,,141,0,,,,,,,141,0,,
205,,,,,,,,,,,,,,,,,,,,,,,,,,,,,141,16,,,,,,,141,0,,
206,,,,,,,,,,,,,,,,,,,,,,,,,,,,,141,0,,,,,,,141,16,,
207,,,,,,,,,,,,,,,,,,,,,,,,,,,,,140,0,,,,,,,141,0,,
208,,,,,,,,,,,,,,,,,,,,,,,,,,,,,141,15,,,,,,,140,0,,
209,,,,,,,,,,,,,,,,,,,,,,,,,,,,,140,0,,,,,,,141,15,,
210,,,,,,,,,,,,,,,,,,,,,,,,,,,,,156,0,,,,,,,140,0,,
211,,,,,,,,,,,,,,,,,,,,,,,,,,,,,140,16,,,,,,,141,0,,
212,,,,,,,,,,,,,,,,,,,,,,,,,,,,,141,0,,,,,,,141,0,,
213,,,,,,,,,,,,,,,,,,,,,,,,,,,,,141,0,,,,,,,141,16,,
214,,,,,,,,,,,,,,,,,,,,,,,,,,,,,140,0,,,,,,,141,0,,
215,,,,,,,,,,,,,,,,,,,,,,,,,,,,,141,15,,,,,,,140,0,,
216,,,,,,,,,,,,,,,,,,,,,,,,,,,,,140,16,,,,,,,140,0,,
217,,,,,,,,,,,,,,,,,,,,,,,,,,,,,141,0,,,,,,,141,0,,
218,,,,,,,,,,,,,,,,,,,,,,,,,,,,,141,0,,,,,,,157,0,,
219,,,,,,,,,,,,,,,,,,,,,,,,,,,,,141,0,,,,,,,156,0,,
220,,,,,,,,,,,,,,,,,,,,,,,,,,,,,140,0,,,,,,,140,0,,
221,,,,,,,,,,,,,,,,,,,,,,,,,,,,,141,0,,,,,,,141,0,,
222,,,,,,,,,,,,,,,,,,,,,,,,,,,,,156,0,,,,,,,141,0,,
223,,,,,,,,,,,,,,,,,,,,,,,,,,,,,157,0,,,,,,,156,0,,
224,,,,,,,,,,,,,,,,,,,,,,,,,,,,,156,0,,,,,,,156,0,,
225,,,,,,,,,,,,,,,,,,,,,,,,,,,,,140,16,,,,,,,156,0,,
226,,,,,,,,,,,,,,,,,,,,,,,,,,,,,156,0,,,,,,,141,0,,
227,,,,,,,,,,,,,,,,,,,,,,,,,,,,,141,16,,,,,,,140,0,,
228,,,,,,,,,,,,,,,,,,,,,,,,,,,,,156,0,,,,,,,140,0,,
229,,,,,,,,,,,,,,,,,,,,,,,,,,,,,156,0,,,,,,,141,0,,
230,,,,,,,,,,,,,,,,,,,,,,,,,,,,,141,0,,,,,,,141,0,,
231,,,,,,,,,,,,,,,,,,,,,,,,,,,,,141,0,,,,,,,140,0,,
232,,,,,,,,,,,,,,,,,,,,,,,,,,,,,140,0,,,,,,,140,0,,
233,,,,,,,,,,,,,,,,,,,,,,,,,,,,,141,0,,,,,,,141,16,,
234,,,,,,,,,,,,,,,,,,,,,,,,,,,,,141,0,,,,,,,156,0,,
235,,,,,,,,,,,,,,,,,,,,,,,,,,,,,141,0,,,,,,,141,0,,
236,,,,,,,,,,,,,,,,,,,,,,,,,,,,,140,16,,,,,,,141,0,,
237,,,,,,,,,,,,,,,,,,,,,,,,,,,,,157,0,,,,,,,141,0,,
238,,,,,,,,,,,,,,,,,,,,,,,,,,,,,140,0,,,,,,,140,16,,
239,,,,,,,,,,,,,,,,,,,,,,,,,,,,,140,0,,,,,,,141,0,,
240,,,,,,,,,,,,,,,,,,,,,,,,,,,,,141,16,,,,,,,141,0,,
241,,,,,,,,,,,,,,,,,,,,,,,,,,,,,140,0,,,,,,,140,16,,
242,,,,,,,,,,,,,,,,,,,,,,,,,,,,,141,0,,,,,,,141,0,,
243,,,,,,,,,,,,,,,,,,,,,,,,,,,,,156,0,,,,,,,140,0,,
244,,,,,,,,,,,,,,,,,,,,,,,,,,,,,140,0,,,,,,,141,16,,
245,,,,,,,,,,,,,,,,,,,,,,,,,,,,,141,16,,,,,,,140,0,,
246,,,,,,,,,,,,,,,,,,,,,,,,,,,,,140,0,,,,,,,140,0,,
247,,,,,,,,,,,,,,,,,,,,,,,,,,,,,141,0,,,,,,,141,0,,
248,,,,,,,,,,,,,,,,,,,,,,,,,,,,,141,15,,,,,,,141,0,,
249,,,,,,,,,,,,,,,,,,,,,,,,,,,,,140,0,,,,,,,156,0,,
250,,,,,,,,,,,,,,,,,,,,,,,,,,,,,157,0,,,,,,,141,0,,
251,,,,,,,,,,,,,,,,,,,,,,,,,,,,,140,0,,,,,,,141,15,,
252,,,,,,,,,,,,,,,,,,,,,,,,,,,,,157,0,,,,,,,141,0,,
253,,,,,,,,,,,,,,,,,,,,,,,,,,,,,140,0,,,,,,,156,0,,
254,,,,,,,,,,,,,,,,,,,,,,,,,,,,,156,0,,,,,,,156,0,,
255,,,,,,,,,,,,,,,,,,,,,,,,,,,,,141,0,,,,,,,141,0,,
